<?xml version='1.0' encoding='UTF-8'?>
<facelet-taglib>
	<taglib-extension>
		<component-output-directory>${project.build.sourceDirectory}/com/liferay/faces</component-output-directory>
		<taglib-xml-output-directory>${project.build.sourceDirectory}/../resources/META-INF</taglib-xml-output-directory>
		<authors>Neil Griffin</authors>
		<copyright-year>${copyright.year}</copyright-year>
		<default-since>2.0.0</default-since>
		<faces-spec-version>${faces.spec.version}</faces-spec-version>
	</taglib-extension>
	<description><![CDATA[The Liferay Faces Portal facelet component tags with the <code>portal:</code> tag name prefix.]]></description>
	<namespace>http://liferay.com/faces/portal</namespace>
	<function>
		<description><![CDATA[Returns an escaped/encoded representation of the specified URL.]]></description>
		<function-name>escapeURL</function-name>
		<function-class><![CDATA[com.liferay.portal.kernel.util.HttpUtil]]></function-class>
		<function-signature><![CDATA[java.lang.String encodeURL(java.lang.String)]]></function-signature>
	</function>
	<function>
		<description><![CDATA[Returns the value of the specified portal property name.]]></description>
		<function-name>getProperty</function-name>
		<function-class><![CDATA[com.liferay.portal.kernel.util.PropsUtil]]></function-class>
		<function-signature><![CDATA[java.lang.String get(java.lang.String)]]></function-signature>
	</function>
	<tag>
		<tag-name>aria</tag-name>
		<attribute>
			<description><![CDATA[The WAI-ARIA label which can help users with disabilities when a text label is not visible.]]></description>
			<name>ariaLabel</name>
			<type><![CDATA[java.lang.String]]></type>
		</attribute>
		<attribute>
			<description><![CDATA[The WAI-ARIA role which can help users with disabilities understand the purpose of an element, such as whether it is a menu, progress indicator, or some other type of component.]]></description>
			<name>ariaRole</name>
			<type><![CDATA[java.lang.String]]></type>
		</attribute>
		<tag-extension>
			<generate-java>false</generate-java>
			<generate-taglib-xml>false</generate-taglib-xml>
		</tag-extension>
	</tag>
	<tag>
		<description><![CDATA[Captcha is a UIInput that renders Liferay Portal's captcha image and a field for editing single-line text. It provides built-in validation in order to make sure that the text value entered by the user matches the value in the captcha image.]]></description>
		<tag-name>captcha</tag-name>
		<attribute>
			<attribute-extension>
				<default-value>true</default-value>
			</attribute-extension>
			<description><![CDATA[When this flag is true (the default), and a value has not been specified for this component, then the PROCESS_VALIDATIONS phase will fail and a FacesMessage will be added to the FacesContext for this component. <strong>Note:</strong> Even if the developer sets the value of this attribute to <code>true</code>, when running in Liferay Portal 7.0 (and above) the Captcha.isRequired() method can return <code>false</code> when an authenticated user has achieved a level of trust by correctly entering a maximum number of challenges. The maximum is defined by the <code>captcha.max.challenges</code> property in the portal-ext.properties file, which is '1' by default. When an authenticated user has gained the necessary level of trust, the captcha will no longer be rendered (or required) for the remainder of the session. Non-authenticated users will never be considered trustworthy, and will always be required enter a correct value for the captcha, provided that the value of the <code>required</code> property is <code>true</code>. For more information, see the default values in the "Captcha" section of Liferay Portal's <a href="https://github.com/liferay/liferay-portal/blob/7.0.3-ga4/portal-impl/src/portal.properties#L3723" target="_blank">portal.properties</a> file and <a href="https://issues.liferay.com/browse/LPS-40401" target="_blank">LPS-40401</a>.]]></description>
			<name>required</name>
			<required>false</required>
			<type><![CDATA[boolean]]></type>
		</attribute>
		<attribute>
			<description><![CDATA[Specifies a custom captcha image URL. If the value is empty (the default), then the image will be obtained from Liferay Portal's built-in captcha feature.]]></description>
			<name>url</name>
			<type><![CDATA[java.lang.String]]></type>
		</attribute>
		<tag-extension>
			<extends-tags>facesMessageLabel styleable uiInputInherited</extends-tags>
			<parent-class><![CDATA[javax.faces.component.UIInput]]></parent-class>
			<renderer-parent-class><![CDATA[com.liferay.faces.portal.component.captcha.internal.CaptchaRendererCompat]]></renderer-parent-class>
		</tag-extension>
	</tag>
	<tag>
		<description><![CDATA[The component is used to display header text by specifying the title attribute. It can also display a clickable back icon.]]></description>
		<tag-name>header</tag-name>
		<attribute>
			<description><![CDATA[This value will be used to populate the title attribute of the back icon.]]></description>
			<name>backLabel</name>
			<type><![CDATA[java.lang.String]]></type>
		</attribute>
		<attribute>
			<description><![CDATA[The URL of the anchor tag rendered for the back icon.  The back icon is not rendered unless this is specified.]]></description>
			<name>backURL</name>
			<type><![CDATA[java.lang.String]]></type>
		</attribute>
		<attribute>
			<attribute-extension>
				<default-value><![CDATA[true]]></default-value>
			</attribute-extension>
			<description><![CDATA[When false, markup will not be escaped.]]></description>
			<name>escapeXml</name>
			<type><![CDATA[boolean]]></type>
		</attribute>
		<attribute>
			<attribute-extension>
				<default-value><![CDATA[true]]></default-value>
			</attribute-extension>
			<description><![CDATA[When false, the back icon is not rendered.]]></description>
			<name>showBackURL</name>
			<type><![CDATA[boolean]]></type>
		</attribute>
		<attribute>
			<description><![CDATA[This value will be used as the header text for the component.]]></description>
			<name>title</name>
			<type><![CDATA[java.lang.String]]></type>
		</attribute>
		<tag-extension>
			<extends-tags>styleableInherited</extends-tags>
			<parent-class><![CDATA[javax.faces.component.html.HtmlPanelGroup]]></parent-class>
			<renderer-parent-class><![CDATA[com.liferay.faces.portal.render.internal.PortalTagRenderer]]></renderer-parent-class>
		</tag-extension>
	</tag>
	<tag>
		<description><![CDATA[InputRichText is a UIInput component that renders a field for editing rich text.]]></description>
		<tag-name>inputRichText</tag-name>
		<attribute>
			<description><![CDATA[Optional map of configuration parameters. For example usage, see the Wiki portlet <a href="https://github.com/liferay/liferay-portal/blob/6.2.1-ga2/portal-web/docroot/html/portlet/wiki/edit/editor_config.jspf#L28" target="_blank">editor_config.jsp</a> source code.]]></description>
			<name>configParams</name>
			<type><![CDATA[java.util.Map<String,String>]]></type>
		</attribute>
		<attribute>
			<description><![CDATA[The locale (language id) of the rich text content.]]></description>
			<name>contentsLanguageId</name>
			<type><![CDATA[java.lang.String]]></type>
		</attribute>
		<attribute>
			<attribute-extension>
				<default-value><![CDATA["editor.wysiwyg.default"]]></default-value>
			</attribute-extension>
			<description><![CDATA[Liferay Portal property key name (typically found in portal.properties or portal-ext.properties). Valid property key values are "ckeditor", "ckeditor_bbcode", and "ckeditor_creole". The default key name is "editor.wysiwyg.default" which has a value of "ckeditor".]]></description>
			<name>editorKey</name>
			<type><![CDATA[java.lang.String]]></type>
		</attribute>
		<attribute>
			<description><![CDATA[Optional map of file browser parameters. For example usage, see the Wiki portlet <a href="https://github.com/liferay/liferay-portal/blob/6.2.1-ga2/portal-web/docroot/html/portlet/wiki/edit/editor_config.jspf#L33" target="_blank">editor_config.jsp</a> source code.]]></description>
			<name>fileBrowserParams</name>
			<type><![CDATA[java.util.Map<String,String>]]></type>
		</attribute>
		<attribute>
			<attribute-extension>
				<default-value><![CDATA[Integer.MAX_VALUE]]></default-value>
			</attribute-extension>
			<description><![CDATA[The maximum number of plain text characters, meaning characters that do not include HTML tags such as <code>&lt;strong&gt;</code>, <code>&lt;em&gt;</code>, and <code>&lt;a href="..."&gt;</code>.]]></description>
			<name>maxPlainTextChars</name>
			<type><![CDATA[int]]></type>
		</attribute>
		<attribute>
			<attribute-extension>
				<default-value><![CDATA[0]]></default-value>
			</attribute-extension>
			<description><![CDATA[The minimum number of plain text characters, meaning characters that do not include HTML tags such as <code>&lt;strong&gt;</code>, <code>&lt;em&gt;</code>, and <code>&lt;a href="..."&gt;</code>.]]></description>
			<name>minPlainTextChars</name>
			<type><![CDATA[int]]></type>
		</attribute>
		<attribute>
			<description><![CDATA[Javascript to execute after this component loses focus.]]></description>
			<name>onblur</name>
			<type><![CDATA[java.lang.String]]></type>
		</attribute>
		<attribute>
			<description><![CDATA[Javascript to execute after this component's value has changed, and then it loses focus.]]></description>
			<name>onchange</name>
			<type><![CDATA[java.lang.String]]></type>
		</attribute>
		<attribute>
			<description><![CDATA[Javascript to execute when this component gets focus.]]></description>
			<name>onfocus</name>
			<type><![CDATA[java.lang.String]]></type>
		</attribute>
		<attribute>
			<attribute-extension>
				<default-value><![CDATA[true]]></default-value>
			</attribute-extension>
			<description><![CDATA[When true, the will be resizable by the end-user when dragging on the bottom-right resize handle.]]></description>
			<name>resizable</name>
			<type><![CDATA[boolean]]></type>
		</attribute>
		<attribute>
			<attribute-extension>
				<default-value><![CDATA[false]]></default-value>
			</attribute-extension>
			<description><![CDATA[When true, the resources necessary for loading the CKEditor will not be added to the <code>&lt;head&gt;...&lt;/head&gt;</code> section of the portal page.]]></description>
			<name>skipEditorLoading</name>
			<type><![CDATA[boolean]]></type>
		</attribute>
		<attribute>
			<description><![CDATA[The name of the set of toolbars that are to be displayed above the rich text input area. Valid values include:
				<ul>
					<li>bbcode</li>
					<li>creole</li>
					<li>editInPlace</li>
					<li>email</li>
					<li>liferay</li>
					<li>liferayArticle</li>
					<li>phone</li>
					<li>simple</li>
					<li>tablet</li>
				</ul>
				The default value depends on the value of the editorKey attribute. If editorKey's property evaluates to "ckeditor" then the default value is "liferay". If editorKey's property evaluates to "ckeditor_bbcode" then the default value is "bbcode". If editorKey's property evaluates to "ckeditor_creole" then the default value is "creole".]]></description>
			<name>toolbarSet</name>
			<type><![CDATA[java.lang.String]]></type>
		</attribute>
		<tag-extension>
			<extends-tags>facesMessageLabel styleable uiInputInherited</extends-tags>
			<parent-class><![CDATA[javax.faces.component.UIInput]]></parent-class>
			<renderer-parent-class><![CDATA[com.liferay.faces.portal.render.internal.PortalTagRenderer]]></renderer-parent-class>
		</tag-extension>
	</tag>
	<tag>
		<description><![CDATA[InputSearch is a UIInput component that renders a text field and optional button for submitting search criteria.]]></description>
		<tag-name>inputSearch</tag-name>
		<handler-class><![CDATA[com.liferay.faces.portal.component.inputsearch.internal.InputSearchHandler]]></handler-class>
		<attribute>
			<description><![CDATA[A method that is executed when this component is clicked. The method must be <code>public</code>, return an <code>Object</code>, and take no arguments. The <code>toString()</code> method of the returned object is used to determine where to navigate (if at all) after the action has been performed.]]></description>
			<name>action</name>
			<method-signature><![CDATA[java.lang.Object action()]]></method-signature>
		</attribute>
		<attribute>
			<description><![CDATA[A method that is executed when this component is clicked. The method must be <code>public</code>, return <code>void</code>, and take either no arguments or one <code>ActionEvent</code> argument.]]></description>
			<name>actionListener</name>
			<method-signature><![CDATA[void actionListener(javax.faces.event.ActionEvent)]]></method-signature>
		</attribute>
		<attribute>
			<attribute-extension>
				<default-value><![CDATA[false]]></default-value>
			</attribute-extension>
			<description><![CDATA[Sets whether the search field gets focus by default. The default value is <code>false</code>.]]></description>
			<name>autoFocus</name>
			<type><![CDATA[boolean]]></type>
		</attribute>
		<attribute>
			<description><![CDATA[Sets the text value for the search button's label. The default value is <code>Search</code>.]]></description>
			<name>buttonLabel</name>
			<type><![CDATA[java.lang.String]]></type>
		</attribute>
		<attribute>
			<description><![CDATA[Sets the placeholder text for the search field. The default value is the value of the <code>buttonLabel</code> attribute.]]></description>
			<name>placeholder</name>
			<type><![CDATA[java.lang.String]]></type>
		</attribute>
		<attribute>
			<attribute-extension>
				<default-value><![CDATA[true]]></default-value>
			</attribute-extension>
			<description><![CDATA[Sets whether to show the search button.]]></description>
			<name>showButton</name>
			<type><![CDATA[boolean]]></type>
		</attribute>
		<attribute>
			<description><![CDATA[Sets the search box's title.]]></description>
			<name>title</name>
			<type><![CDATA[java.lang.String]]></type>
		</attribute>
		<tag-extension>
			<extends-tags>styleable uiInputInherited</extends-tags>
			<parent-class><![CDATA[javax.faces.component.UIInput]]></parent-class>
			<renderer-parent-class><![CDATA[com.liferay.faces.portal.render.internal.PortalTagRenderer]]></renderer-parent-class>
		</tag-extension>
	</tag>
	<tag>
		<description><![CDATA[Nav is a UIData (iterator) component that renders a <code>&lt;ul&gt;...&lt;/ul&gt;</code> (unordered) list. It is designed to be used in conjunction with portal:navItem child component tags.]]></description>
		<tag-name>nav</tag-name>
		<attribute>
			<attribute-extension>
				<default-value><![CDATA[true]]></default-value>
			</attribute-extension>
			<description><![CDATA[When true, the unordered list will be surrounded by <code>&lt;div class="collapse nav-collapse"&gt;...&lt;/div&gt;</code>. This is a responsive layout feature (that works in conjunction with an portal:navBar parent tag) for small/mobile displays that causes the child portal:navItem links to be displayed in a popup menu.]]></description>
			<name>responsive</name>
			<type><![CDATA[boolean]]></type>
		</attribute>
		<tag-extension>
			<extends-tags>aria styleable uiComponentBaseInherited uiDataInherited</extends-tags>
			<parent-class><![CDATA[javax.faces.component.UIData]]></parent-class>
			<renderer-parent-class><![CDATA[com.liferay.faces.portal.render.internal.PortalTagRenderer]]></renderer-parent-class>
		</tag-extension>
	</tag>
	<tag>
		<description><![CDATA[NavBar is a UIPanel component that renders a <code>&lt;div&gt;...&lt;/div&gt;</code> element. It is designed to be used in conjunction with portal:nav and portal:navItem child component tags.]]></description>
		<tag-name>navBar</tag-name>
		<tag-extension>
			<extends-tags>styleable uiComponentBaseInherited</extends-tags>
			<parent-class><![CDATA[javax.faces.component.UIPanel]]></parent-class>
			<renderer-parent-class><![CDATA[com.liferay.faces.portal.render.internal.PortalTagRenderer]]></renderer-parent-class>
		</tag-extension>
	</tag>
	<tag>
		<description><![CDATA[NavBarSearch is a UIPanel component that is designed (for CSS purposes) to simply be the parent of an InputSearch component.]]></description>
		<tag-name>navBarSearch</tag-name>
		<tag-extension>
			<extends-tags>styleable uiComponentBaseInherited</extends-tags>
			<parent-class><![CDATA[javax.faces.component.UIPanel]]></parent-class>
			<renderer-parent-class><![CDATA[com.liferay.faces.portal.render.internal.PortalTagRenderer]]></renderer-parent-class>
		</tag-extension>
	</tag>
	<tag>
		<description><![CDATA[NavItem is a UIColumn component that renders an <code>&lt;li&gt;...&lt;/li&gt;</code> (list item) element. If the href attribute is specified, then an <code>&lt;a&gt;...&lt;/a&gt;</code> anchor tag is rendered inside the list item element.]]></description>
		<tag-name>navItem</tag-name>
		<attribute>
			<description><![CDATA[If the href attribute has a value, then this is the value of the "class" attribute for the anchor tag rendered inside the list item element.]]></description>
			<name>anchorCssClass</name>
			<type><![CDATA[java.lang.String]]></type>
		</attribute>
		<attribute>
			<description><![CDATA[If the href attribute has a value, then this is the child text of the anchor tag rendered inside the list item element.]]></description>
			<name>anchorData</name>
			<type><![CDATA[Object]]></type>
		</attribute>
		<attribute>
			<description><![CDATA[If the href attribute has a value, then this is the value of the "id" attribute for the anchor tag rendered inside the list item element.]]></description>
			<name>anchorId</name>
			<type><![CDATA[java.lang.String]]></type>
		</attribute>
		<attribute>
			<description><![CDATA[HTML5 data- attributes for the rendered list item element.]]></description>
			<name>data</name>
			<type><![CDATA[Object]]></type>
		</attribute>
		<attribute>
			<description><![CDATA[The URL of the anchor tag rendered inside the list item element. If not specified, then an anchor tag is not rendered.]]></description>
			<name>href</name>
			<type><![CDATA[java.lang.String]]></type>
		</attribute>
		<attribute>
			<description><![CDATA[The name of the CSS class of the icon that is to be rendered inside the list item element.]]></description>
			<name>iconCssClass</name>
			<type><![CDATA[java.lang.String]]></type>
		</attribute>
		<attribute>
			<description><![CDATA[The label of the anchor tag rendered inside the list item element.]]></description>
			<name>label</name>
			<type><![CDATA[java.lang.String]]></type>
		</attribute>
		<attribute>
			<attribute-extension>
				<default-value><![CDATA[false]]></default-value>
			</attribute-extension>
			<description><![CDATA[When true, the list item will be rendered with <code>class="active"</code>.]]></description>
			<name>selected</name>
			<type><![CDATA[boolean]]></type>
		</attribute>
		<attribute>
			<description><![CDATA[The title of the anchor tag rendered inside the list item element.]]></description>
			<name>title</name>
			<type><![CDATA[java.lang.String]]></type>
		</attribute>
		<attribute>
			<attribute-extension>
				<default-value><![CDATA[false]]></default-value>
			</attribute-extension>
			<description><![CDATA[When true, clicking on the href hyperlink will cause the resulting URL to popup in a modal dialog that contains an <code>iframe</code>.]]></description>
			<name>useDialog</name>
			<type><![CDATA[boolean]]></type>
		</attribute>
		<tag-extension>
			<extends-tags>aria styleable uiComponentBaseInherited</extends-tags>
			<parent-class><![CDATA[javax.faces.component.UIColumn]]></parent-class>
			<renderer-parent-class><![CDATA[com.liferay.faces.portal.render.internal.PortalTagRenderer]]></renderer-parent-class>
		</tag-extension>
	</tag>
	<tag>
		<description><![CDATA[PermissionsURL is a UIOutput component that generates a URL pointing to the Liferay Portal Permissions UI. If the var attribute is present, the component introduces a variable into the EL. Otherwise, the URL is written to the response.]]></description>
		<tag-name>permissionsURL</tag-name>
		<attribute>
			<attribute-extension>
				<default-value><![CDATA[""]]></default-value>
			</attribute-extension>
			<description><![CDATA[The Fully-Qualified Class Name (FQCN) of the ServiceBuilder model.]]></description>
			<name>modelResource</name>
			<type><![CDATA[java.lang.String]]></type>
		</attribute>
		<attribute>
			<attribute-extension>
				<default-value><![CDATA[""]]></default-value>
			</attribute-extension>
			<description><![CDATA[The description of the model resource that is to be displayed in the Liferay Portal Permissions UI.]]></description>
			<name>modelResourceDescription</name>
			<type><![CDATA[java.lang.String]]></type>
		</attribute>
		<attribute>
			<description><![CDATA[The URL that should be redirected-to when the user clicks on the "Return to Full Page" link in the Liferay Portal Permissions UI.]]></description>
			<name>redirect</name>
			<type><![CDATA[java.lang.String]]></type>
		</attribute>
		<attribute>
			<description><![CDATA[The scope group id for the resource. The default value is <code>LiferayFacesContext.getInstance().getScopeGroupId()</code>]]></description>
			<name>resourceGroupId</name>
			<type><![CDATA[java.lang.String]]></type>
		</attribute>
		<attribute>
			<description><![CDATA[The primary key used to identify the resource.]]></description>
			<name>resourcePrimKey</name>
			<type><![CDATA[java.lang.String]]></type>
		</attribute>
		<attribute>
			<description><![CDATA[An array of type int that corresponds to the roles that are to be displayed in the Liferay Portal Permissions UI. For more info, see <a href="http://docs.liferay.com/portal/6.2/javadocs/com/liferay/portal/model/RoleConstants.html" target="_blank">com.liferay.portal.model.RoleConstants</a>.]]></description>
			<name>roleTypes</name>
			<type><![CDATA[int[]]]></type>
		</attribute>
		<attribute>
			<description><![CDATA[The name of the variable that is to be introduced into the EL that contains the value of the generated permissions URL. If not specified, then the generated permissions URL is written directly to the response.]]></description>
			<name>var</name>
			<type><![CDATA[java.lang.String]]></type>
		</attribute>
		<attribute>
			<description><![CDATA[The portlet window state for which the Liferay Portal Permissions UI should be displayed. Valid values include: "maximized" (the default), "pop_up", and "exclusive".]]></description>
			<name>windowState</name>
			<type><![CDATA[java.lang.String]]></type>
		</attribute>
		<tag-extension>
			<parent-class><![CDATA[javax.faces.component.UIOutput]]></parent-class>
			<renderer-parent-class><![CDATA[com.liferay.faces.portal.render.internal.PortalTagRenderer]]></renderer-parent-class>
			<since>1.0.0</since>
		</tag-extension>
	</tag>
	<tag>
		<description><![CDATA[Runtime is a UIPanel component that embeds the markup of a different portlet within the current portlet.]]></description>
		<tag-name>runtime</tag-name>
		<attribute>
			<description><![CDATA[XML markup in the form:
				<pre>
				&lt;preferences&gt;
					&lt;preference&gt;
						&lt;name&gt;&lt;/name&gt;
						&lt;value&gt;&lt;/value&gt;
					&lt;/preference&gt;
				&lt;/preferences&gt;
				</pre>
				This value is persisted in the Liferay database when the embedded portlet is rendered for the first time.]]></description>
			<name>defaultPreferences</name>
			<type><![CDATA[java.lang.String]]></type>
		</attribute>
		<attribute>
			<description><![CDATA[The name of the portlet. For out-of-the-box portlets, refer to the portlet-name element of the <a href="https://github.com/liferay/liferay-portal/blob/6.2.2-ga3/portal-web/docroot/WEB-INF/liferay-portlet.xml">liferay-portlet.xml</a> descriptor.]]></description>
			<name>portletName</name>
			<required>true</required>
			<type><![CDATA[java.lang.String]]></type>
		</attribute>
		<attribute>
			<description><![CDATA[Optional query string parameters that will be added to the request dispatcher that invokes the portlet's RENDER_PHASE.]]></description>
			<name>queryString</name>
			<type><![CDATA[java.lang.String]]></type>
		</attribute>
		<tag-extension>
			<extends-tags>styleable uiComponentBaseInherited</extends-tags>
			<parent-class><![CDATA[javax.faces.component.UIPanel]]></parent-class>
			<renderer-parent-class><![CDATA[com.liferay.faces.portal.render.internal.PortalTagRenderer]]></renderer-parent-class>
		</tag-extension>
	</tag>
</facelet-taglib>
