<?xml version="1.0"?>

<portlet-app xmlns="http://xmlns.jcp.org/xml/ns/portlet" version="3.0"
	xmlns:xsi="http://www.w3.org/2001/XMLSchema-instance"
	xsi:schemaLocation="http://xmlns.jcp.org/xml/ns/portlet http://xmlns.jcp.org/xml/ns/portlet/portlet-app_3_0.xsd">
	<portlet>
		<portlet-name>1</portlet-name>
		<display-name>jsf-sign-in</display-name>
		<portlet-class>javax.portlet.faces.GenericFacesPortlet</portlet-class>
		<init-param>
			<name>javax.portlet.faces.defaultViewId.view</name>
			<value>/WEB-INF/views/login.xhtml</value>
		</init-param>
		<supports>
			<mime-type>text/html</mime-type>
			<portlet-mode>view</portlet-mode>
		</supports>
		<portlet-info>
			<title>jsf-sign-in</title>
			<short-title>jsf-sign-in</short-title>
			<keywords>jsf-sign-in</keywords>
		</portlet-info>
		<security-role-ref>
			<role-name>administrator</role-name>
		</security-role-ref>
		<security-role-ref>
			<role-name>guest</role-name>
		</security-role-ref>
		<security-role-ref>
			<role-name>power-user</role-name>
		</security-role-ref>
		<security-role-ref>
			<role-name>user</role-name>
		</security-role-ref>
	</portlet>
</portlet-app>
