<?xml version="1.0"?>
<!DOCTYPE liferay-portlet-app PUBLIC "-//Liferay//DTD Portlet Application 7.2.0//EN" "http://www.liferay.com/dtd/liferay-portlet-app_7_2_0.dtd">

<liferay-portlet-app>
	<portlet>
		<portlet-name>1</portlet-name>
		<control-panel-entry-category>users</control-panel-entry-category>
		<control-panel-entry-weight>1.0</control-panel-entry-weight>
		<requires-namespaced-parameters>false</requires-namespaced-parameters>
		<render-weight>1</render-weight>
		<ajaxable>false</ajaxable>
		<add-default-resource>true</add-default-resource>
	</portlet>
	<role-mapper>
		<role-name>administrator</role-name>
		<role-link>Administrator</role-link>
	</role-mapper>
</liferay-portlet-app>