<?xml version="1.0"?>

<portlet-app xmlns="http://xmlns.jcp.org/xml/ns/portlet" version="3.0"
			 xmlns:xsi="http://www.w3.org/2001/XMLSchema-instance"
			 xsi:schemaLocation="http://xmlns.jcp.org/xml/ns/portlet http://xmlns.jcp.org/xml/ns/portlet/portlet-app_3_0.xsd">
	<portlet>
		<portlet-name>1</portlet-name>
		<display-name>PrimeFaces Users</display-name>
		<portlet-class>javax.portlet.faces.GenericFacesPortlet</portlet-class>
		<init-param>
			<name>javax.portlet.faces.defaultViewId.view</name>
			<value>/WEB-INF/views/portletViewMode.xhtml</value>
		</init-param>
		<init-param>
			<name>javax.portlet.faces.defaultViewId.edit</name>
			<value>/WEB-INF/views/portletEditMode.xhtml</value>
		</init-param>
		<supports>
			<mime-type>text/html</mime-type>
			<portlet-mode>view</portlet-mode>
			<portlet-mode>edit</portlet-mode>
		</supports>
		<portlet-info>
			<title>PrimeFaces Users</title>
			<short-title>PrimeFaces Users</short-title>
			<keywords>PrimeFaces Users</keywords>
		</portlet-info>
		<portlet-preferences>
			<preference>
				<name>rowsPerPage</name>
				<value>15</value>
			</preference>
		</portlet-preferences>
		<security-role-ref>
			<role-name>administrator</role-name>
		</security-role-ref>
	</portlet>
</portlet-app>