<?xml version="1.0" encoding="UTF-8"?>
<!--
  CDDL HEADER START
  The contents of this file are subject to the terms
  of the Common Development and Distribution License 
  (the License). You may not use this file except in
  compliance with the License.
  
  You can obtain a copy of the License at
  http://www.sun.com/cddl/cddl.html and legal/CDDLv1.0.txt
  See the License for the specific language governing
  permission and limitations under the License.
  
  When distributing Covered Code, include this CDDL 
  Header Notice in each file and include the License file  
  at legal/CDDLv1.0.txt.                                                           
  If applicable, add the following below the CDDL Header,
  with the fields enclosed by brackets [] replaced by
  your own identifying information: 
  "Portions Copyrighted [year] [name of copyright owner]"
  
  Copyright 2006 Sun Microsystems Inc. All Rights Reserved
  CDDL HEADER END
-->
<portlet-app xmlns="http://java.sun.com/xml/ns/portlet/portlet-app_2_0.xsd" 
             xmlns:xsi="http://www.w3.org/2001/XMLSchema-instance" 
             xsi:schemaLocation="http://java.sun.com/xml/ns/portlet/portlet-app_2_0.xsd http://java.sun.com/xml/ns/portlet/portlet-app_2_0.xsd" 
             id="myPortletApp" version="2.0">
    
    <portlet>
        <description>ContinentPortlet</description>
        <portlet-name>ContinentPortlet</portlet-name>
        <display-name>ContinentPortlet</display-name>
        <portlet-class>com.sun.portal.portlet.event.ContinentPortlet</portlet-class>
        <expiration-cache>0</expiration-cache>
        <supports>
            <mime-type>text/html</mime-type>
            <portlet-mode>VIEW</portlet-mode>
            <portlet-mode>HELP</portlet-mode>
        </supports>
         <supported-locale>de</supported-locale>
         <supported-locale>es</supported-locale>
         <supported-locale>fr</supported-locale>
         <supported-locale>ja</supported-locale>
         <supported-locale>ko</supported-locale>
         <supported-locale>zh</supported-locale>
         <supported-locale>zh_CN</supported-locale>
         <supported-locale>zh_TW</supported-locale>
         <resource-bundle>ContinentPortlet</resource-bundle>
        <portlet-info>
            <title>ContinentPortlet</title>
            <short-title>ContinentPortlet</short-title>
        </portlet-info>
        <!-- <supported-publishing-event xmlns:x="http:sun.com/events">x:Continent</supported-publishing-event> -->
		<supported-publishing-event>
			<qname xmlns:x="http:sun.com/events">x:Continent</qname>
		</supported-publishing-event>
    </portlet>
    <portlet>
        <description>ContinentMapPortlet</description>
        <portlet-name>ContinentMapPortlet</portlet-name>
        <display-name>ContinentMapPortlet</display-name>
        <portlet-class>com.sun.portal.portlet.event.ContinentMapPortlet</portlet-class>
        <expiration-cache>0</expiration-cache>
        <supports>
            <mime-type>text/html</mime-type>
            <portlet-mode>VIEW</portlet-mode>
            <portlet-mode>HELP</portlet-mode>
        </supports>
         <supported-locale>de</supported-locale>
         <supported-locale>es</supported-locale>
         <supported-locale>fr</supported-locale>
         <supported-locale>ja</supported-locale>
         <supported-locale>ko</supported-locale>
         <supported-locale>zh</supported-locale>
         <supported-locale>zh_CN</supported-locale>
         <supported-locale>zh_TW</supported-locale>
         <resource-bundle>ContinentMapPortlet</resource-bundle>
        <portlet-info>
            <title>ContinentMapPortlet</title>
            <short-title>ContinentMapPortlet</short-title>
        </portlet-info>
        <!-- <supported-processing-event xmlns:x="http:sun.com/events">x:Continent</supported-processing-event> -->
		<supported-processing-event>
			<qname xmlns:x="http:sun.com/events">x:Continent</qname>
		</supported-processing-event>
    </portlet>
    <portlet>
        <description>ContinentInfoPortlet</description>
        <portlet-name>ContinentInfoPortlet</portlet-name>
        <display-name>ContinentInfoPortlet</display-name>
        <portlet-class>com.sun.portal.portlet.event.ContinentInfoPortlet</portlet-class>
        <expiration-cache>0</expiration-cache>
        <supports>
            <mime-type>text/html</mime-type>
            <portlet-mode>VIEW</portlet-mode>
            <portlet-mode>HELP</portlet-mode>
        </supports>
         <supported-locale>de</supported-locale>
         <supported-locale>es</supported-locale>
         <supported-locale>fr</supported-locale>
         <supported-locale>ja</supported-locale>
         <supported-locale>ko</supported-locale>
         <supported-locale>zh</supported-locale>
         <supported-locale>zh_CN</supported-locale>
         <supported-locale>zh_TW</supported-locale>
         <resource-bundle>ContinentInfoPortlet</resource-bundle>
        <portlet-info>
            <title>ContinentInfoPortlet</title>
            <short-title>ContinentInfoPortlet</short-title>
        </portlet-info>
        <!-- <supported-processing-event xmlns:x="http:sun.com/events">x:Continent</supported-processing-event> -->
		<supported-processing-event>
			<qname xmlns:x="http:sun.com/events">x:Continent</qname>
		</supported-processing-event>
    </portlet>
    <event-definition>
        <qname xmlns:x="http:sun.com/events" >x:Continent</qname>
        <value-type>com.sun.portal.portlet.event.Continent</value-type>
    </event-definition>
</portlet-app>

