<?xml version="1.0" encoding="UTF-8"?>
<faces-config version="2.3" xmlns="http://xmlns.jcp.org/xml/ns/javaee"
	xmlns:xsi="http://www.w3.org/2001/XMLSchema-instance"
	xsi:schemaLocation="http://xmlns.jcp.org/xml/ns/javaee http://xmlns.jcp.org/xml/ns/javaee/web-facesconfig_2_3.xsd"
	xmlns:portal="http://www.liferay.com/xml/ns/liferay-faces-portal-extension"
	xmlns:util="http://www.liferay.com/xml/ns/liferay-faces-util-extension">
	<name>LiferayFacesPortal</name>
	<ordering>
		<after>
			<name>LiferayFacesAlloy</name>
		</after>
	</ordering>
	<application>
		<resource-handler>com.liferay.faces.portal.resource.internal.LiferayFacesResourceHandler</resource-handler>
		<resource-handler>com.liferay.faces.portal.resource.internal.LiferayPortalResourceHandler</resource-handler>
	</application>
	<factory>
		<factory-extension>
			<portal:portlet-helper-factory>com.liferay.faces.portal.context.internal.PortletHelperFactoryImpl</portal:portlet-helper-factory>
			<portal:liferay-portlet-helper-factory>com.liferay.faces.portal.context.internal.LiferayPortletHelperFactoryImpl</portal:liferay-portlet-helper-factory>
			<util:faces-context-helper-factory>com.liferay.faces.portal.context.internal.FacesContextHelperFactoryPortletImpl</util:faces-context-helper-factory>
		</factory-extension>
	</factory>
	<lifecycle>
		<phase-listener>com.liferay.faces.portal.lifecycle.LiferayLocalePhaseListener</phase-listener>
	</lifecycle>
</faces-config>
