<?xml version='1.0' encoding='UTF-8'?>
<facelet-taglib xmlns="http://xmlns.jcp.org/xml/ns/javaee" xmlns:xsi="http://www.w3.org/2001/XMLSchema-instance" xmlns:vdldoc="http://vdldoc.omnifaces.org"
	xsi:schemaLocation="http://xmlns.jcp.org/xml/ns/javaee 
   http://xmlns.jcp.org/xml/ns/javaee/web-facelettaglibrary_2_3.xsd http://vdldoc.omnifaces.org https://raw.githubusercontent.com/omnifaces/vdldoc/master/src/main/resources/org/omnifaces/vdldoc/resources/vdldoc.taglib.xml.xsd"
	version="2.3">
	<description>The Liferay Faces Portal expression language variables.</description>
	<namespace>http://liferay.com/faces/liferay/el-variable</namespace>
	<taglib-extension>
		<vdldoc:el-variable>
			<vdldoc:el-variable-name>i18n</vdldoc:el-variable-name>
			<vdldoc:description><![CDATA[As an abbreviation for the word "internationalization", the <code>i18n</code> EL variable enables page authors to declaratively specify message keys that hook into Liferay's LanguageUtility.]]></vdldoc:description>
			<vdldoc:type>java.lang.String</vdldoc:type>
			<vdldoc:since>1.0.0</vdldoc:since>
		</vdldoc:el-variable>
		<vdldoc:el-variable>
			<vdldoc:el-variable-name>liferay</vdldoc:el-variable-name>
			<vdldoc:description><![CDATA[Utility managed-bean that is designed to be kept in JSF request scope. Its purpose is to introduce some Liferay-specific variables into the JSF EL.]]></vdldoc:description>
			<vdldoc:type>com.liferay.faces.portal.el.internal.Liferay</vdldoc:type>
			<vdldoc:since>1.0.0</vdldoc:since>
		</vdldoc:el-variable>
		<vdldoc:el-variable>
			<vdldoc:el-variable-name>liferay.companyId</vdldoc:el-variable-name>
			<vdldoc:description><![CDATA[The Liferay companyId primary key value associated with the community/organization portal page that the current portlet is placed upon.]]></vdldoc:description>
			<vdldoc:type>java.lang.Long</vdldoc:type>
			<vdldoc:since>1.0.0</vdldoc:since>
		</vdldoc:el-variable>
		<vdldoc:el-variable>
			<vdldoc:el-variable-name>liferay.document</vdldoc:el-variable-name>
			<vdldoc:description><![CDATA[The absolute URL for the Liferay Document Library Struts action path.]]></vdldoc:description>
			<vdldoc:type>java.lang.String</vdldoc:type>
			<vdldoc:since>1.0.0</vdldoc:since>
		</vdldoc:el-variable>
		<vdldoc:el-variable>
			<vdldoc:el-variable-name>liferay.imageGalleryURL</vdldoc:el-variable-name>
			<vdldoc:description><![CDATA[The absolute URL for the Liferay Image Gallery Struts action path.]]></vdldoc:description>
			<vdldoc:type>java.lang.String</vdldoc:type>
			<vdldoc:since>1.0.0</vdldoc:since>
		</vdldoc:el-variable>
		<vdldoc:el-variable>
			<vdldoc:el-variable-name>liferay.imageURL</vdldoc:el-variable-name>
			<vdldoc:description><![CDATA[The absolute URL for the Liferay Image Servlet.]]></vdldoc:description>
			<vdldoc:type>java.lang.String</vdldoc:type>
			<vdldoc:since>1.0.0</vdldoc:since>
		</vdldoc:el-variable>
		<vdldoc:el-variable>
			<vdldoc:el-variable-name>liferay.groupUser</vdldoc:el-variable-name>
			<vdldoc:description><![CDATA[The Liferay User that owns the Liferay community/organization portal page that the current portlet is placed upon. ]]></vdldoc:description>
			<vdldoc:type>com.liferay.portal.model.User</vdldoc:type>
			<vdldoc:since>1.0.0</vdldoc:since>
		</vdldoc:el-variable>
		<vdldoc:el-variable>
			<vdldoc:el-variable-name>liferay.layout</vdldoc:el-variable-name>
			<vdldoc:description><![CDATA[The Liferay <code>Layout</code> associated with the community/organization portal page that the current portlet is placed upon.]]></vdldoc:description>
			<vdldoc:type>com.liferay.portal.model.Layout</vdldoc:type>
			<vdldoc:since>1.0.0</vdldoc:since>
		</vdldoc:el-variable>
		<vdldoc:el-variable>
			<vdldoc:el-variable-name>liferay.permissionChecker</vdldoc:el-variable-name>
			<vdldoc:description><![CDATA[The Liferay <code>PermissionChecker</code> associated with the current request and Liferay <code>User</code>.]]></vdldoc:description>
			<vdldoc:type>com.liferay.portal.security.permission.PermissionChecker</vdldoc:type>
			<vdldoc:since>1.0.0</vdldoc:since>
		</vdldoc:el-variable>
		<vdldoc:el-variable>
			<vdldoc:el-variable-name>liferay.portalURL</vdldoc:el-variable-name>
			<vdldoc:description><![CDATA[The absolute URL for the portal.]]></vdldoc:description>
			<vdldoc:type>java.lang.String</vdldoc:type>
			<vdldoc:since>1.0.0</vdldoc:since>
		</vdldoc:el-variable>
		<vdldoc:el-variable>
			<vdldoc:el-variable-name>liferay.portlet</vdldoc:el-variable-name>
			<vdldoc:description><![CDATA[The containing Liferay <code>Portlet</code> associated with the <code>PortletRequest</code>.]]></vdldoc:description>
			<vdldoc:type>com.liferay.portal.model.Portlet</vdldoc:type>
			<vdldoc:since>1.0.0</vdldoc:since>
		</vdldoc:el-variable>
		<vdldoc:el-variable>
			<vdldoc:el-variable-name>liferay.portraitURL</vdldoc:el-variable-name>
			<vdldoc:description><![CDATA[Designed to be called from the EL by passing a Liferay <code>User</code> or <code>userId</code> as an array index, returns the absolute URL to the user's portrait.]]></vdldoc:description>
			<vdldoc:type>java.lang.String</vdldoc:type>
			<vdldoc:since>1.0.0</vdldoc:since>
		</vdldoc:el-variable>
		<vdldoc:el-variable>
			<vdldoc:el-variable-name>liferay.theme</vdldoc:el-variable-name>
			<vdldoc:description><![CDATA[The Liferay <code>Theme</code> associated with the Liferay <code>Layout</code>.]]></vdldoc:description>
			<vdldoc:type>com.liferay.portal.model.Theme</vdldoc:type>
			<vdldoc:since>1.0.0</vdldoc:since>
		</vdldoc:el-variable>
		<vdldoc:el-variable>
			<vdldoc:el-variable-name>liferay.themeDisplay</vdldoc:el-variable-name>
			<vdldoc:description><![CDATA[The Liferay <code>ThemeDisplay</code> associated with the <code>PortletRequest</code>.]]></vdldoc:description>
			<vdldoc:type>com.liferay.portal.kernel.theme.ThemeDisplay</vdldoc:type>
			<vdldoc:since>1.0.0</vdldoc:since>
		</vdldoc:el-variable>
		<vdldoc:el-variable>
			<vdldoc:el-variable-name>liferay.themeImageURL</vdldoc:el-variable-name>
			<vdldoc:description><![CDATA[Designed to be called from the EL by passing a relative path to a theme image as an array index, returns the absolute URL to the theme image.]]></vdldoc:description>
			<vdldoc:type>java.lang.String</vdldoc:type>
			<vdldoc:since>1.0.0</vdldoc:since>
		</vdldoc:el-variable>
		<vdldoc:el-variable>
			<vdldoc:el-variable-name>liferay.themeImagesURL</vdldoc:el-variable-name>
			<vdldoc:description><![CDATA[The absolute URL for the image path associated with the current Liferay Theme.]]></vdldoc:description>
			<vdldoc:type>java.lang.String</vdldoc:type>
			<vdldoc:since>1.0.0</vdldoc:since>
		</vdldoc:el-variable>
		<vdldoc:el-variable>
			<vdldoc:el-variable-name>liferay.user</vdldoc:el-variable-name>
			<vdldoc:description><![CDATA[The Liferay <code>User</code> associated with the <code>PortletRequest</code>.]]></vdldoc:description>
			<vdldoc:type>com.liferay.portal.model.User</vdldoc:type>
			<vdldoc:since>1.0.0</vdldoc:since>
		</vdldoc:el-variable>
		<vdldoc:el-variable>
			<vdldoc:el-variable-name>liferay.userHasPortletPermission</vdldoc:el-variable-name>
			<vdldoc:description><![CDATA[Designed to be called from the EL by passing an <code>action-key</code> as an array index, returns a <code>Boolean</code> indicating whether or not the Liferay <code>User</code> associated with the <code>PortletRequest</code> has permission to execute the specified <code>action-key</code> on the current portlet.]]></vdldoc:description>
			<vdldoc:type>java.lang.Boolean</vdldoc:type>
			<vdldoc:since>1.0.0</vdldoc:since>
		</vdldoc:el-variable>
	</taglib-extension>
</facelet-taglib>
