<?xml version='1.0' encoding='UTF-8'?>
<facelet-taglib xmlns="http://xmlns.jcp.org/xml/ns/javaee" xmlns:xsi="http://www.w3.org/2001/XMLSchema-instance"
	xmlns:vdldoc="http://vdldoc.omnifaces.org"
	xsi:schemaLocation="http://xmlns.jcp.org/xml/ns/javaee http://xmlns.jcp.org/xml/ns/javaee/web-facelettaglibrary_2_3.xsd http://vdldoc.omnifaces.org https://raw.githubusercontent.com/omnifaces/vdldoc/master/src/main/resources/org/omnifaces/vdldoc/resources/vdldoc.taglib.xml.xsd"
	version="2.3">
	<description><![CDATA[The Liferay Faces Portal facelet component tags with the <code>portal:</code> tag name prefix.]]></description>
	<namespace>http://liferay.com/faces/portal</namespace>
	<function>
		<description><![CDATA[Returns an escaped/encoded representation of the specified URL.]]></description>
		<function-name>escapeURL</function-name>
		<function-class>com.liferay.portal.kernel.util.URLCodec</function-class>
		<function-signature>java.lang.String encodeURL(java.lang.String)</function-signature>
	</function>
	<function>
		<description><![CDATA[Returns the value of the specified portal property name.]]></description>
		<function-name>getProperty</function-name>
		<function-class>com.liferay.portal.kernel.util.PropsUtil</function-class>
		<function-signature>java.lang.String get(java.lang.String)</function-signature>
	</function>
	<tag>
		<description><![CDATA[Captcha is a UIInput that renders Liferay Portal's captcha image and a field for editing single-line text. It provides built-in validation in order to make sure that the text value entered by the user matches the value in the captcha image.]]></description>
		<tag-name>captcha</tag-name>
		<component>
			<component-type>com.liferay.faces.portal.component.captcha.Captcha</component-type>
			<renderer-type>com.liferay.faces.portal.component.captcha.CaptchaRenderer</renderer-type>
		</component>
		<attribute>
			<description><![CDATA[An EL expression that binds the Java reference to this component in the component tree to a bean property.]]></description>
			<name>binding</name>
			<required>false</required>
			<type>javax.faces.component.UIComponent</type>
		</attribute>
		<attribute>
			<description><![CDATA[The class name of the converter instance that is to be used by this component.]]></description>
			<name>converter</name>
			<required>false</required>
			<type>javax.faces.convert.Converter</type>
		</attribute>
		<attribute>
			<description><![CDATA[This message or the result of the specified expression, will be used as the text of the converter message instead of any message that comes from the registered converter for this component.]]></description>
			<name>converterMessage</name>
			<required>false</required>
			<type>java.lang.String</type>
		</attribute>
		<attribute>
			<description><![CDATA[A unique identifier for this component.]]></description>
			<name>id</name>
			<required>false</required>
			<type>java.lang.String</type>
		</attribute>
		<attribute>
			<description><![CDATA[When this flag is true, this component's value must be converted and validated (immediately) during the Apply Request Values phase, instead of (later) during the PROCESS_VALIDATIONS phase.]]></description>
			<name>immediate</name>
			<required>false</required>
			<type>boolean</type>
		</attribute>
		<attribute>
			<description><![CDATA[A localized label for this component that is typically only rendered in a FacesMessage when validation fails.]]></description>
			<name>label</name>
			<required>false</required>
			<type>java.lang.String</type>
		</attribute>
		<attribute>
			<description><![CDATA[When this flag is true, this component will be rendered to there response. When false, it will not be rendered to the response. The default value is <code>true</code>.]]></description>
			<name>rendered</name>
			<required>false</required>
			<type>boolean</type>
		</attribute>
		<attribute>
			<description><![CDATA[When this flag is true (the default), and a value has not been specified for this component, then the PROCESS_VALIDATIONS phase will fail and a FacesMessage will be added to the FacesContext for this component. <strong>Note:</strong> Even if the developer sets the value of this attribute to <code>true</code>, when running in Liferay Portal 7.0 (and above) the Captcha.isRequired() method can return <code>false</code> when an authenticated user has achieved a level of trust by correctly entering a maximum number of challenges. The maximum is defined by the <code>captcha.max.challenges</code> property in the portal-ext.properties file, which is '1' by default. When an authenticated user has gained the necessary level of trust, the captcha will no longer be rendered (or required) for the remainder of the session. Non-authenticated users will never be considered trustworthy, and will always be required enter a correct value for the captcha, provided that the value of the <code>required</code> property is <code>true</code>. For more information, see the default values in the "Captcha" section of Liferay Portal's <a href="https://github.com/liferay/liferay-portal/blob/7.0.3-ga4/portal-impl/src/portal.properties#L3723" target="_blank">portal.properties</a> file and <a href="https://issues.liferay.com/browse/LPS-40401" target="_blank">LPS-40401</a>.]]></description>
			<name>required</name>
			<required>false</required>
			<type>boolean</type>
		</attribute>
		<attribute>
			<description><![CDATA[This message or the result of the specified expression, will be used as the text of the validation error message instead of any message that comes from the resulting validation error for this component when required="true" and no value is selected by the user.]]></description>
			<name>requiredMessage</name>
			<required>false</required>
			<type>java.lang.String</type>
		</attribute>
		<attribute>
			<description><![CDATA[HTML passthrough attribute specifying the css style of the element.]]></description>
			<name>style</name>
			<required>false</required>
			<type>java.lang.String</type>
		</attribute>
		<attribute>
			<description><![CDATA[List of CSS class names (separated by spaces) that are to be rendered within the class attribute.]]></description>
			<name>styleClass</name>
			<required>false</required>
			<type>java.lang.String</type>
		</attribute>
		<attribute>
			<description><![CDATA[Specifies a custom captcha image URL. If the value is empty (the default), then the image will be obtained from Liferay Portal's built-in captcha feature.]]></description>
			<name>url</name>
			<required>false</required>
			<type>java.lang.String</type>
		</attribute>
		<attribute>
			<description><![CDATA[A method that is executed in the PROCESS_VALIDATIONS phase of the lifecycle. The method must be <code>public</code>, return <code>void</code>, and take three arguments of <code>FacesContext</code>, <code>UIComponent</code>, and <code>Object</code>.]]></description>
			<name>validator</name>
			<required>false</required>
			<method-signature>void validate(javax.faces.context.FacesContext, javax.faces.component.UIComponent,
java.lang.Object)</method-signature>
		</attribute>
		<attribute>
			<description><![CDATA[This message or the result of the specified expression, will be used as the text of the validation error message instead of any message that comes from the resulting validation error for this component.]]></description>
			<name>validatorMessage</name>
			<required>false</required>
			<type>java.lang.String</type>
		</attribute>
		<attribute>
			<description><![CDATA[The value of this component, which is typically bound via EL to a model bean property.]]></description>
			<name>value</name>
			<required>false</required>
			<type>java.lang.Object</type>
		</attribute>
		<attribute>
			<description><![CDATA[A method that is executed when the value of this component changes. The method must be <code>public</code>, return <code>void</code>, and take no arguments or one argument of <code>ValueChangeEvent</code>.]]></description>
			<name>valueChangeListener</name>
			<required>false</required>
			<method-signature>void valueChange(javax.faces.event.ValueChangeEvent)</method-signature>
		</attribute>
		<tag-extension>
			<vdldoc:example-url>http://www.liferayfaces.org/web/guest/portal-showcase/-/portal-tag/portal/captcha/general</vdldoc:example-url>
			<vdldoc:since>2.0.0</vdldoc:since>
		</tag-extension>
	</tag>
	<tag>
		<description><![CDATA[The component is used to display header text by specifying the title attribute. It can also display a clickable back icon.]]></description>
		<tag-name>header</tag-name>
		<component>
			<component-type>com.liferay.faces.portal.component.header.Header</component-type>
			<renderer-type>com.liferay.faces.portal.component.header.HeaderRenderer</renderer-type>
		</component>
		<attribute>
			<description><![CDATA[This value will be used to populate the title attribute of the back icon.]]></description>
			<name>backLabel</name>
			<required>false</required>
			<type>java.lang.String</type>
		</attribute>
		<attribute>
			<description><![CDATA[The URL of the anchor tag rendered for the back icon.  The back icon is not rendered unless this is specified.]]></description>
			<name>backURL</name>
			<required>false</required>
			<type>java.lang.String</type>
		</attribute>
		<attribute>
			<description><![CDATA[When false, markup will not be escaped. The default value is <code>true</code>.]]></description>
			<name>escapeXml</name>
			<required>false</required>
			<type>boolean</type>
		</attribute>
		<attribute>
			<description><![CDATA[When false, the back icon is not rendered. The default value is <code>true</code>.]]></description>
			<name>showBackURL</name>
			<required>false</required>
			<type>boolean</type>
		</attribute>
		<attribute>
			<description><![CDATA[HTML passthrough attribute specifying the css style of the element.]]></description>
			<name>style</name>
			<required>false</required>
			<type>java.lang.String</type>
		</attribute>
		<attribute>
			<description><![CDATA[List of CSS class names (separated by spaces) that are to be rendered within the class attribute.]]></description>
			<name>styleClass</name>
			<required>false</required>
			<type>java.lang.String</type>
		</attribute>
		<attribute>
			<description><![CDATA[This value will be used as the header text for the component.]]></description>
			<name>title</name>
			<required>false</required>
			<type>java.lang.String</type>
		</attribute>
		<tag-extension>
			<vdldoc:example-url>http://www.liferayfaces.org/web/guest/portal-showcase/-/portal-tag/portal/header/general</vdldoc:example-url>
			<vdldoc:since>2.0.0</vdldoc:since>
		</tag-extension>
	</tag>
	<tag>
		<description><![CDATA[InputRichText is a UIInput component that renders a field for editing rich text.]]></description>
		<tag-name>inputRichText</tag-name>
		<component>
			<component-type>com.liferay.faces.portal.component.inputrichtext.InputRichText</component-type>
			<renderer-type>com.liferay.faces.portal.component.inputrichtext.InputRichTextRenderer</renderer-type>
		</component>
		<attribute>
			<description><![CDATA[An EL expression that binds the Java reference to this component in the component tree to a bean property.]]></description>
			<name>binding</name>
			<required>false</required>
			<type>javax.faces.component.UIComponent</type>
		</attribute>
		<attribute>
			<description><![CDATA[Optional map of configuration parameters. For example usage, see the Wiki portlet <a href="https://github.com/liferay/liferay-portal/blob/6.2.1-ga2/portal-web/docroot/html/portlet/wiki/edit/editor_config.jspf#L28" target="_blank">editor_config.jsp</a> source code.]]></description>
			<name>configParams</name>
			<required>false</required>
			<type>java.util.Map&lt;String,String&gt;</type>
		</attribute>
		<attribute>
			<description><![CDATA[The locale (language id) of the rich text content.]]></description>
			<name>contentsLanguageId</name>
			<required>false</required>
			<type>java.lang.String</type>
		</attribute>
		<attribute>
			<description><![CDATA[The class name of the converter instance that is to be used by this component.]]></description>
			<name>converter</name>
			<required>false</required>
			<type>javax.faces.convert.Converter</type>
		</attribute>
		<attribute>
			<description><![CDATA[This message or the result of the specified expression, will be used as the text of the converter message instead of any message that comes from the registered converter for this component.]]></description>
			<name>converterMessage</name>
			<required>false</required>
			<type>java.lang.String</type>
		</attribute>
		<attribute>
			<description><![CDATA[Liferay Portal property key name (typically found in portal.properties or portal-ext.properties). Valid property key values are "ckeditor", "ckeditor_bbcode", and "ckeditor_creole". The default key name is "editor.wysiwyg.default" which has a value of "ckeditor".]]></description>
			<name>editorKey</name>
			<required>false</required>
			<type>java.lang.String</type>
		</attribute>
		<attribute>
			<description><![CDATA[Optional map of file browser parameters. For example usage, see the Wiki portlet <a href="https://github.com/liferay/liferay-portal/blob/6.2.1-ga2/portal-web/docroot/html/portlet/wiki/edit/editor_config.jspf#L33" target="_blank">editor_config.jsp</a> source code.]]></description>
			<name>fileBrowserParams</name>
			<required>false</required>
			<type>java.util.Map&lt;String,String&gt;</type>
		</attribute>
		<attribute>
			<description><![CDATA[A unique identifier for this component.]]></description>
			<name>id</name>
			<required>false</required>
			<type>java.lang.String</type>
		</attribute>
		<attribute>
			<description><![CDATA[When this flag is true, this component's value must be converted and validated (immediately) during the Apply Request Values phase, instead of (later) during the PROCESS_VALIDATIONS phase.]]></description>
			<name>immediate</name>
			<required>false</required>
			<type>boolean</type>
		</attribute>
		<attribute>
			<description><![CDATA[A localized label for this component that is typically only rendered in a FacesMessage when validation fails.]]></description>
			<name>label</name>
			<required>false</required>
			<type>java.lang.String</type>
		</attribute>
		<attribute>
			<description><![CDATA[The maximum number of plain text characters, meaning characters that do not include HTML tags such as <code>&lt;strong&gt;</code>, <code>&lt;em&gt;</code>, and <code>&lt;a href="..."&gt;</code>. The default value is <code>Integer.MAX_VALUE</code>.]]></description>
			<name>maxPlainTextChars</name>
			<required>false</required>
			<type>int</type>
		</attribute>
		<attribute>
			<description><![CDATA[The minimum number of plain text characters, meaning characters that do not include HTML tags such as <code>&lt;strong&gt;</code>, <code>&lt;em&gt;</code>, and <code>&lt;a href="..."&gt;</code>. The default value is <code>0</code>.]]></description>
			<name>minPlainTextChars</name>
			<required>false</required>
			<type>int</type>
		</attribute>
		<attribute>
			<description><![CDATA[Javascript to execute after this component loses focus.]]></description>
			<name>onblur</name>
			<required>false</required>
			<type>java.lang.String</type>
		</attribute>
		<attribute>
			<description><![CDATA[Javascript to execute after this component's value has changed, and then it loses focus.]]></description>
			<name>onchange</name>
			<required>false</required>
			<type>java.lang.String</type>
		</attribute>
		<attribute>
			<description><![CDATA[Javascript to execute when this component gets focus.]]></description>
			<name>onfocus</name>
			<required>false</required>
			<type>java.lang.String</type>
		</attribute>
		<attribute>
			<description><![CDATA[When this flag is true, this component will be rendered to there response. When false, it will not be rendered to the response. The default value is <code>true</code>.]]></description>
			<name>rendered</name>
			<required>false</required>
			<type>boolean</type>
		</attribute>
		<attribute>
			<description><![CDATA[When this flag is true, and a value has not been specified for this component, then the PROCESS_VALIDATIONS phase will fail and a FacesMessage will be added to the FacesContext for this component.]]></description>
			<name>required</name>
			<required>false</required>
			<type>boolean</type>
		</attribute>
		<attribute>
			<description><![CDATA[This message or the result of the specified expression, will be used as the text of the validation error message instead of any message that comes from the resulting validation error for this component when required="true" and no value is selected by the user.]]></description>
			<name>requiredMessage</name>
			<required>false</required>
			<type>java.lang.String</type>
		</attribute>
		<attribute>
			<description><![CDATA[When true, the will be resizable by the end-user when dragging on the bottom-right resize handle. The default value is <code>true</code>.]]></description>
			<name>resizable</name>
			<required>false</required>
			<type>boolean</type>
		</attribute>
		<attribute>
			<description><![CDATA[When true, the resources necessary for loading the CKEditor will not be added to the <code>&lt;head&gt;...&lt;/head&gt;</code> section of the portal page. The default value is <code>false</code>.]]></description>
			<name>skipEditorLoading</name>
			<required>false</required>
			<type>boolean</type>
		</attribute>
		<attribute>
			<description><![CDATA[HTML passthrough attribute specifying the css style of the element.]]></description>
			<name>style</name>
			<required>false</required>
			<type>java.lang.String</type>
		</attribute>
		<attribute>
			<description><![CDATA[List of CSS class names (separated by spaces) that are to be rendered within the class attribute.]]></description>
			<name>styleClass</name>
			<required>false</required>
			<type>java.lang.String</type>
		</attribute>
		<attribute>
			<description><![CDATA[The name of the set of toolbars that are to be displayed above the rich text input area. Valid values include:<ul><li>bbcode</li><li>creole</li><li>editInPlace</li><li>email</li><li>liferay</li><li>liferayArticle</li><li>phone</li><li>simple</li><li>tablet</li></ul>The default value depends on the value of the editorKey attribute. If editorKey's property evaluates to "ckeditor" then the default value is "liferay". If editorKey's property evaluates to "ckeditor_bbcode" then the default value is "bbcode". If editorKey's property evaluates to "ckeditor_creole" then the default value is "creole".]]></description>
			<name>toolbarSet</name>
			<required>false</required>
			<type>java.lang.String</type>
		</attribute>
		<attribute>
			<description><![CDATA[A method that is executed in the PROCESS_VALIDATIONS phase of the lifecycle. The method must be <code>public</code>, return <code>void</code>, and take three arguments of <code>FacesContext</code>, <code>UIComponent</code>, and <code>Object</code>.]]></description>
			<name>validator</name>
			<required>false</required>
			<method-signature>void validate(javax.faces.context.FacesContext, javax.faces.component.UIComponent,
java.lang.Object)</method-signature>
		</attribute>
		<attribute>
			<description><![CDATA[This message or the result of the specified expression, will be used as the text of the validation error message instead of any message that comes from the resulting validation error for this component.]]></description>
			<name>validatorMessage</name>
			<required>false</required>
			<type>java.lang.String</type>
		</attribute>
		<attribute>
			<description><![CDATA[The value of this component, which is typically bound via EL to a model bean property.]]></description>
			<name>value</name>
			<required>false</required>
			<type>java.lang.Object</type>
		</attribute>
		<attribute>
			<description><![CDATA[A method that is executed when the value of this component changes. The method must be <code>public</code>, return <code>void</code>, and take no arguments or one argument of <code>ValueChangeEvent</code>.]]></description>
			<name>valueChangeListener</name>
			<required>false</required>
			<method-signature>void valueChange(javax.faces.event.ValueChangeEvent)</method-signature>
		</attribute>
		<tag-extension>
			<vdldoc:example-url>http://www.liferayfaces.org/web/guest/portal-showcase/-/portal-tag/portal/inputrichtext/general</vdldoc:example-url>
			<vdldoc:since>2.0.0</vdldoc:since>
		</tag-extension>
	</tag>
	<tag>
		<description><![CDATA[InputSearch is a UIInput component that renders a text field and optional button for submitting search criteria.]]></description>
		<tag-name>inputSearch</tag-name>
		<component>
			<component-type>com.liferay.faces.portal.component.inputsearch.InputSearch</component-type>
			<renderer-type>com.liferay.faces.portal.component.inputsearch.InputSearchRenderer</renderer-type>
			<handler-class>com.liferay.faces.portal.component.inputsearch.internal.InputSearchHandler</handler-class>
		</component>
		<attribute>
			<description><![CDATA[A method that is executed when this component is clicked. The method must be <code>public</code>, return an <code>Object</code>, and take no arguments. The <code>toString()</code> method of the returned object is used to determine where to navigate (if at all) after the action has been performed.]]></description>
			<name>action</name>
			<required>false</required>
			<method-signature>java.lang.Object action()</method-signature>
		</attribute>
		<attribute>
			<description><![CDATA[A method that is executed when this component is clicked. The method must be <code>public</code>, return <code>void</code>, and take either no arguments or one <code>ActionEvent</code> argument.]]></description>
			<name>actionListener</name>
			<required>false</required>
			<method-signature>void actionListener(javax.faces.event.ActionEvent)</method-signature>
		</attribute>
		<attribute>
			<description><![CDATA[Sets whether the search field gets focus by default. The default value is <code>false</code>.]]></description>
			<name>autoFocus</name>
			<required>false</required>
			<type>boolean</type>
		</attribute>
		<attribute>
			<description><![CDATA[An EL expression that binds the Java reference to this component in the component tree to a bean property.]]></description>
			<name>binding</name>
			<required>false</required>
			<type>javax.faces.component.UIComponent</type>
		</attribute>
		<attribute>
			<description><![CDATA[Sets the text value for the search button's label. The default value is <code>Search</code>.]]></description>
			<name>buttonLabel</name>
			<required>false</required>
			<type>java.lang.String</type>
		</attribute>
		<attribute>
			<description><![CDATA[The class name of the converter instance that is to be used by this component.]]></description>
			<name>converter</name>
			<required>false</required>
			<type>javax.faces.convert.Converter</type>
		</attribute>
		<attribute>
			<description><![CDATA[This message or the result of the specified expression, will be used as the text of the converter message instead of any message that comes from the registered converter for this component.]]></description>
			<name>converterMessage</name>
			<required>false</required>
			<type>java.lang.String</type>
		</attribute>
		<attribute>
			<description><![CDATA[A unique identifier for this component.]]></description>
			<name>id</name>
			<required>false</required>
			<type>java.lang.String</type>
		</attribute>
		<attribute>
			<description><![CDATA[When this flag is true, this component's value must be converted and validated (immediately) during the Apply Request Values phase, instead of (later) during the PROCESS_VALIDATIONS phase.]]></description>
			<name>immediate</name>
			<required>false</required>
			<type>boolean</type>
		</attribute>
		<attribute>
			<description><![CDATA[Sets the placeholder text for the search field. The default value is the value of the <code>buttonLabel</code> attribute.]]></description>
			<name>placeholder</name>
			<required>false</required>
			<type>java.lang.String</type>
		</attribute>
		<attribute>
			<description><![CDATA[When this flag is true, this component will be rendered to there response. When false, it will not be rendered to the response. The default value is <code>true</code>.]]></description>
			<name>rendered</name>
			<required>false</required>
			<type>boolean</type>
		</attribute>
		<attribute>
			<description><![CDATA[When this flag is true, and a value has not been specified for this component, then the PROCESS_VALIDATIONS phase will fail and a FacesMessage will be added to the FacesContext for this component.]]></description>
			<name>required</name>
			<required>false</required>
			<type>boolean</type>
		</attribute>
		<attribute>
			<description><![CDATA[This message or the result of the specified expression, will be used as the text of the validation error message instead of any message that comes from the resulting validation error for this component when required="true" and no value is selected by the user.]]></description>
			<name>requiredMessage</name>
			<required>false</required>
			<type>java.lang.String</type>
		</attribute>
		<attribute>
			<description><![CDATA[Sets whether to show the search button. The default value is <code>true</code>.]]></description>
			<name>showButton</name>
			<required>false</required>
			<type>boolean</type>
		</attribute>
		<attribute>
			<description><![CDATA[HTML passthrough attribute specifying the css style of the element.]]></description>
			<name>style</name>
			<required>false</required>
			<type>java.lang.String</type>
		</attribute>
		<attribute>
			<description><![CDATA[List of CSS class names (separated by spaces) that are to be rendered within the class attribute.]]></description>
			<name>styleClass</name>
			<required>false</required>
			<type>java.lang.String</type>
		</attribute>
		<attribute>
			<description><![CDATA[Sets the search box's title.]]></description>
			<name>title</name>
			<required>false</required>
			<type>java.lang.String</type>
		</attribute>
		<attribute>
			<description><![CDATA[A method that is executed in the PROCESS_VALIDATIONS phase of the lifecycle. The method must be <code>public</code>, return <code>void</code>, and take three arguments of <code>FacesContext</code>, <code>UIComponent</code>, and <code>Object</code>.]]></description>
			<name>validator</name>
			<required>false</required>
			<method-signature>void validate(javax.faces.context.FacesContext, javax.faces.component.UIComponent,
java.lang.Object)</method-signature>
		</attribute>
		<attribute>
			<description><![CDATA[This message or the result of the specified expression, will be used as the text of the validation error message instead of any message that comes from the resulting validation error for this component.]]></description>
			<name>validatorMessage</name>
			<required>false</required>
			<type>java.lang.String</type>
		</attribute>
		<attribute>
			<description><![CDATA[The value of this component, which is typically bound via EL to a model bean property.]]></description>
			<name>value</name>
			<required>false</required>
			<type>java.lang.Object</type>
		</attribute>
		<attribute>
			<description><![CDATA[A method that is executed when the value of this component changes. The method must be <code>public</code>, return <code>void</code>, and take no arguments or one argument of <code>ValueChangeEvent</code>.]]></description>
			<name>valueChangeListener</name>
			<required>false</required>
			<method-signature>void valueChange(javax.faces.event.ValueChangeEvent)</method-signature>
		</attribute>
		<tag-extension>
			<vdldoc:example-url>http://www.liferayfaces.org/web/guest/portal-showcase/-/portal-tag/portal/inputsearch/general</vdldoc:example-url>
			<vdldoc:since>2.0.0</vdldoc:since>
		</tag-extension>
	</tag>
	<tag>
		<description><![CDATA[Nav is a UIData (iterator) component that renders a <code>&lt;ul&gt;...&lt;/ul&gt;</code> (unordered) list. It is designed to be used in conjunction with portal:navItem child component tags.]]></description>
		<tag-name>nav</tag-name>
		<component>
			<component-type>com.liferay.faces.portal.component.nav.Nav</component-type>
			<renderer-type>com.liferay.faces.portal.component.nav.NavRenderer</renderer-type>
		</component>
		<attribute>
			<description><![CDATA[The WAI-ARIA label which can help users with disabilities when a text label is not visible.]]></description>
			<name>ariaLabel</name>
			<required>false</required>
			<type>java.lang.String</type>
		</attribute>
		<attribute>
			<description><![CDATA[The WAI-ARIA role which can help users with disabilities understand the purpose of an element, such as whether it is a menu, progress indicator, or some other type of component.]]></description>
			<name>ariaRole</name>
			<required>false</required>
			<type>java.lang.String</type>
		</attribute>
		<attribute>
			<description><![CDATA[An EL expression that binds the Java reference to this component in the component tree to a bean property.]]></description>
			<name>binding</name>
			<required>false</required>
			<type>javax.faces.component.UIComponent</type>
		</attribute>
		<attribute>
			<description><![CDATA[A unique identifier for this component.]]></description>
			<name>id</name>
			<required>false</required>
			<type>java.lang.String</type>
		</attribute>
		<attribute>
			<description><![CDATA[When this flag is true, this component will be rendered to there response. When false, it will not be rendered to the response. The default value is <code>true</code>.]]></description>
			<name>rendered</name>
			<required>false</required>
			<type>boolean</type>
		</attribute>
		<attribute>
			<description><![CDATA[When true, the unordered list will be surrounded by <code>&lt;div class="collapse nav-collapse"&gt;...&lt;/div&gt;</code>. This is a responsive layout feature (that works in conjunction with an portal:navBar parent tag) for small/mobile displays that causes the child portal:navItem links to be displayed in a popup menu. The default value is <code>true</code>.]]></description>
			<name>responsive</name>
			<required>false</required>
			<type>boolean</type>
		</attribute>
		<attribute>
			<description><![CDATA[HTML passthrough attribute specifying the css style of the element.]]></description>
			<name>style</name>
			<required>false</required>
			<type>java.lang.String</type>
		</attribute>
		<attribute>
			<description><![CDATA[List of CSS class names (separated by spaces) that are to be rendered within the class attribute.]]></description>
			<name>styleClass</name>
			<required>false</required>
			<type>java.lang.String</type>
		</attribute>
		<attribute>
			<description><![CDATA[The value of this component, which is typically bound via EL to a model bean property. The value can be any of the following types:<ul><li>Any concrete subclass of <a href="http://docs.oracle.com/javaee/7/api/javax/faces/model/DataModel.html" target="_blank"><code>DataModel</code></a></li><li>Array (automatically wrapped with <a href="http://docs.oracle.com/javaee/7/api/javax/faces/model/ArrayDataModel.html" target="_blank"><code>ArrayDataModel</code></a>)</li><li>java.util.Collection (automatically wrapped with <a href="http://docs.oracle.com/javaee/7/api/javax/faces/model/CollectionDataModel.html" target="_blank"><code>CollectionDataModel</code></a>)</li><li>java.util.List (automatically wrapped with <a href="http://docs.oracle.com/javaee/7/api/javax/faces/model/ListDataModel.html" target="_blank"><code>ListDataModel</code></a>)</li><li>java.sql.ResultSet (automatically wrapped with <a href="http://docs.oracle.com/javaee/7/api/javax/faces/model/ResultSetDataModel.html" target="_blank"><code>ResultSetDataModel</code></a>)</li></ul>]]></description>
			<name>value</name>
			<required>false</required>
			<type>java.lang.Object</type>
		</attribute>
		<attribute>
			<description><![CDATA[The name of the variable that is to be introduced into the EL representing the current iteration.]]></description>
			<name>var</name>
			<required>false</required>
			<type>java.lang.String</type>
		</attribute>
		<tag-extension>
			<vdldoc:example-url>http://www.liferayfaces.org/web/guest/portal-showcase/-/portal-tag/portal/nav/general</vdldoc:example-url>
			<vdldoc:since>2.0.0</vdldoc:since>
		</tag-extension>
	</tag>
	<tag>
		<description><![CDATA[NavBar is a UIPanel component that renders a <code>&lt;div&gt;...&lt;/div&gt;</code> element. It is designed to be used in conjunction with portal:nav and portal:navItem child component tags.]]></description>
		<tag-name>navBar</tag-name>
		<component>
			<component-type>com.liferay.faces.portal.component.navbar.NavBar</component-type>
			<renderer-type>com.liferay.faces.portal.component.navbar.NavBarRenderer</renderer-type>
		</component>
		<attribute>
			<description><![CDATA[An EL expression that binds the Java reference to this component in the component tree to a bean property.]]></description>
			<name>binding</name>
			<required>false</required>
			<type>javax.faces.component.UIComponent</type>
		</attribute>
		<attribute>
			<description><![CDATA[A unique identifier for this component.]]></description>
			<name>id</name>
			<required>false</required>
			<type>java.lang.String</type>
		</attribute>
		<attribute>
			<description><![CDATA[When this flag is true, this component will be rendered to there response. When false, it will not be rendered to the response. The default value is <code>true</code>.]]></description>
			<name>rendered</name>
			<required>false</required>
			<type>boolean</type>
		</attribute>
		<attribute>
			<description><![CDATA[HTML passthrough attribute specifying the css style of the element.]]></description>
			<name>style</name>
			<required>false</required>
			<type>java.lang.String</type>
		</attribute>
		<attribute>
			<description><![CDATA[List of CSS class names (separated by spaces) that are to be rendered within the class attribute.]]></description>
			<name>styleClass</name>
			<required>false</required>
			<type>java.lang.String</type>
		</attribute>
		<tag-extension>
			<vdldoc:example-url>http://www.liferayfaces.org/web/guest/portal-showcase/-/portal-tag/portal/navbar/general</vdldoc:example-url>
			<vdldoc:since>2.0.0</vdldoc:since>
		</tag-extension>
	</tag>
	<tag>
		<description><![CDATA[NavBarSearch is a UIPanel component that is designed (for CSS purposes) to simply be the parent of an InputSearch component.]]></description>
		<tag-name>navBarSearch</tag-name>
		<component>
			<component-type>com.liferay.faces.portal.component.navbarsearch.NavBarSearch</component-type>
			<renderer-type>com.liferay.faces.portal.component.navbarsearch.NavBarSearchRenderer</renderer-type>
		</component>
		<attribute>
			<description><![CDATA[An EL expression that binds the Java reference to this component in the component tree to a bean property.]]></description>
			<name>binding</name>
			<required>false</required>
			<type>javax.faces.component.UIComponent</type>
		</attribute>
		<attribute>
			<description><![CDATA[A unique identifier for this component.]]></description>
			<name>id</name>
			<required>false</required>
			<type>java.lang.String</type>
		</attribute>
		<attribute>
			<description><![CDATA[When this flag is true, this component will be rendered to there response. When false, it will not be rendered to the response. The default value is <code>true</code>.]]></description>
			<name>rendered</name>
			<required>false</required>
			<type>boolean</type>
		</attribute>
		<attribute>
			<description><![CDATA[HTML passthrough attribute specifying the css style of the element.]]></description>
			<name>style</name>
			<required>false</required>
			<type>java.lang.String</type>
		</attribute>
		<attribute>
			<description><![CDATA[List of CSS class names (separated by spaces) that are to be rendered within the class attribute.]]></description>
			<name>styleClass</name>
			<required>false</required>
			<type>java.lang.String</type>
		</attribute>
		<tag-extension>
			<vdldoc:example-url>http://www.liferayfaces.org/web/guest/portal-showcase/-/portal-tag/portal/navbarsearch/general</vdldoc:example-url>
			<vdldoc:since>2.0.0</vdldoc:since>
		</tag-extension>
	</tag>
	<tag>
		<description><![CDATA[NavItem is a UIColumn component that renders an <code>&lt;li&gt;...&lt;/li&gt;</code> (list item) element. If the href attribute is specified, then an <code>&lt;a&gt;...&lt;/a&gt;</code> anchor tag is rendered inside the list item element.]]></description>
		<tag-name>navItem</tag-name>
		<component>
			<component-type>com.liferay.faces.portal.component.navitem.NavItem</component-type>
			<renderer-type>com.liferay.faces.portal.component.navitem.NavItemRenderer</renderer-type>
		</component>
		<attribute>
			<description><![CDATA[If the href attribute has a value, then this is the value of the "class" attribute for the anchor tag rendered inside the list item element.]]></description>
			<name>anchorCssClass</name>
			<required>false</required>
			<type>java.lang.String</type>
		</attribute>
		<attribute>
			<description><![CDATA[If the href attribute has a value, then this is the child text of the anchor tag rendered inside the list item element.]]></description>
			<name>anchorData</name>
			<required>false</required>
			<type>Object</type>
		</attribute>
		<attribute>
			<description><![CDATA[If the href attribute has a value, then this is the value of the "id" attribute for the anchor tag rendered inside the list item element.]]></description>
			<name>anchorId</name>
			<required>false</required>
			<type>java.lang.String</type>
		</attribute>
		<attribute>
			<description><![CDATA[The WAI-ARIA label which can help users with disabilities when a text label is not visible.]]></description>
			<name>ariaLabel</name>
			<required>false</required>
			<type>java.lang.String</type>
		</attribute>
		<attribute>
			<description><![CDATA[The WAI-ARIA role which can help users with disabilities understand the purpose of an element, such as whether it is a menu, progress indicator, or some other type of component.]]></description>
			<name>ariaRole</name>
			<required>false</required>
			<type>java.lang.String</type>
		</attribute>
		<attribute>
			<description><![CDATA[An EL expression that binds the Java reference to this component in the component tree to a bean property.]]></description>
			<name>binding</name>
			<required>false</required>
			<type>javax.faces.component.UIComponent</type>
		</attribute>
		<attribute>
			<description><![CDATA[HTML5 data- attributes for the rendered list item element.]]></description>
			<name>data</name>
			<required>false</required>
			<type>Object</type>
		</attribute>
		<attribute>
			<description><![CDATA[The URL of the anchor tag rendered inside the list item element. If not specified, then an anchor tag is not rendered.]]></description>
			<name>href</name>
			<required>false</required>
			<type>java.lang.String</type>
		</attribute>
		<attribute>
			<description><![CDATA[The name of the CSS class of the icon that is to be rendered inside the list item element.]]></description>
			<name>iconCssClass</name>
			<required>false</required>
			<type>java.lang.String</type>
		</attribute>
		<attribute>
			<description><![CDATA[A unique identifier for this component.]]></description>
			<name>id</name>
			<required>false</required>
			<type>java.lang.String</type>
		</attribute>
		<attribute>
			<description><![CDATA[The label of the anchor tag rendered inside the list item element.]]></description>
			<name>label</name>
			<required>false</required>
			<type>java.lang.String</type>
		</attribute>
		<attribute>
			<description><![CDATA[When this flag is true, this component will be rendered to there response. When false, it will not be rendered to the response. The default value is <code>true</code>.]]></description>
			<name>rendered</name>
			<required>false</required>
			<type>boolean</type>
		</attribute>
		<attribute>
			<description><![CDATA[When true, the list item will be rendered with <code>class="active"</code>. The default value is <code>false</code>.]]></description>
			<name>selected</name>
			<required>false</required>
			<type>boolean</type>
		</attribute>
		<attribute>
			<description><![CDATA[HTML passthrough attribute specifying the css style of the element.]]></description>
			<name>style</name>
			<required>false</required>
			<type>java.lang.String</type>
		</attribute>
		<attribute>
			<description><![CDATA[List of CSS class names (separated by spaces) that are to be rendered within the class attribute.]]></description>
			<name>styleClass</name>
			<required>false</required>
			<type>java.lang.String</type>
		</attribute>
		<attribute>
			<description><![CDATA[The title of the anchor tag rendered inside the list item element.]]></description>
			<name>title</name>
			<required>false</required>
			<type>java.lang.String</type>
		</attribute>
		<attribute>
			<description><![CDATA[When true, clicking on the href hyperlink will cause the resulting URL to popup in a modal dialog that contains an <code>iframe</code>. The default value is <code>false</code>.]]></description>
			<name>useDialog</name>
			<required>false</required>
			<type>boolean</type>
		</attribute>
		<tag-extension>
			<vdldoc:example-url>http://www.liferayfaces.org/web/guest/portal-showcase/-/portal-tag/portal/navitem/general</vdldoc:example-url>
			<vdldoc:since>2.0.0</vdldoc:since>
		</tag-extension>
	</tag>
	<tag>
		<description><![CDATA[PermissionsURL is a UIOutput component that generates a URL pointing to the Liferay Portal Permissions UI. If the var attribute is present, the component introduces a variable into the EL. Otherwise, the URL is written to the response.]]></description>
		<tag-name>permissionsURL</tag-name>
		<component>
			<component-type>com.liferay.faces.portal.component.permissionsurl.PermissionsURL</component-type>
			<renderer-type>com.liferay.faces.portal.component.permissionsurl.PermissionsURLRenderer</renderer-type>
		</component>
		<attribute>
			<description><![CDATA[The Fully-Qualified Class Name (FQCN) of the ServiceBuilder model. The default value is <code>""</code>.]]></description>
			<name>modelResource</name>
			<required>false</required>
			<type>java.lang.String</type>
		</attribute>
		<attribute>
			<description><![CDATA[The description of the model resource that is to be displayed in the Liferay Portal Permissions UI. The default value is <code>""</code>.]]></description>
			<name>modelResourceDescription</name>
			<required>false</required>
			<type>java.lang.String</type>
		</attribute>
		<attribute>
			<description><![CDATA[The URL that should be redirected-to when the user clicks on the "Return to Full Page" link in the Liferay Portal Permissions UI.]]></description>
			<name>redirect</name>
			<required>false</required>
			<type>java.lang.String</type>
		</attribute>
		<attribute>
			<description><![CDATA[The scope group id for the resource. The default value is <code>LiferayFacesContext.getInstance().getScopeGroupId()</code>]]></description>
			<name>resourceGroupId</name>
			<required>false</required>
			<type>java.lang.String</type>
		</attribute>
		<attribute>
			<description><![CDATA[The primary key used to identify the resource.]]></description>
			<name>resourcePrimKey</name>
			<required>false</required>
			<type>java.lang.String</type>
		</attribute>
		<attribute>
			<description><![CDATA[An array of type int that corresponds to the roles that are to be displayed in the Liferay Portal Permissions UI. For more info, see <a href="http://docs.liferay.com/portal/6.2/javadocs/com/liferay/portal/model/RoleConstants.html" target="_blank">com.liferay.portal.model.RoleConstants</a>.]]></description>
			<name>roleTypes</name>
			<required>false</required>
			<type>int[]</type>
		</attribute>
		<attribute>
			<description><![CDATA[The name of the variable that is to be introduced into the EL that contains the value of the generated permissions URL. If not specified, then the generated permissions URL is written directly to the response.]]></description>
			<name>var</name>
			<required>false</required>
			<type>java.lang.String</type>
		</attribute>
		<attribute>
			<description><![CDATA[The portlet window state for which the Liferay Portal Permissions UI should be displayed. Valid values include: "maximized" (the default), "pop_up", and "exclusive".]]></description>
			<name>windowState</name>
			<required>false</required>
			<type>java.lang.String</type>
		</attribute>
		<tag-extension>
			<vdldoc:example-url>http://www.liferayfaces.org/web/guest/portal-showcase/-/portal-tag/portal/permissionsurl/general</vdldoc:example-url>
			<vdldoc:since>1.0.0</vdldoc:since>
		</tag-extension>
	</tag>
	<tag>
		<description><![CDATA[Runtime is a UIPanel component that embeds the markup of a different portlet within the current portlet.]]></description>
		<tag-name>runtime</tag-name>
		<component>
			<component-type>com.liferay.faces.portal.component.runtime.Runtime</component-type>
			<renderer-type>com.liferay.faces.portal.component.runtime.RuntimeRenderer</renderer-type>
		</component>
		<attribute>
			<description><![CDATA[An EL expression that binds the Java reference to this component in the component tree to a bean property.]]></description>
			<name>binding</name>
			<required>false</required>
			<type>javax.faces.component.UIComponent</type>
		</attribute>
		<attribute>
			<description><![CDATA[XML markup in the form:<pre>&lt;preferences&gt;&lt;preference&gt;&lt;name&gt;&lt;/name&gt;&lt;value&gt;&lt;/value&gt;&lt;/preference&gt;&lt;/preferences&gt;</pre>This value is persisted in the Liferay database when the embedded portlet is rendered for the first time.]]></description>
			<name>defaultPreferences</name>
			<required>false</required>
			<type>java.lang.String</type>
		</attribute>
		<attribute>
			<description><![CDATA[A unique identifier for this component.]]></description>
			<name>id</name>
			<required>false</required>
			<type>java.lang.String</type>
		</attribute>
		<attribute>
			<description><![CDATA[The name of the portlet. For out-of-the-box portlets, refer to the portlet-name element of the <a href="https://github.com/liferay/liferay-portal/blob/6.2.2-ga3/portal-web/docroot/WEB-INF/liferay-portlet.xml">liferay-portlet.xml</a> descriptor.]]></description>
			<name>portletName</name>
			<required>true</required>
			<type>java.lang.String</type>
		</attribute>
		<attribute>
			<description><![CDATA[Optional query string parameters that will be added to the request dispatcher that invokes the portlet's RENDER_PHASE.]]></description>
			<name>queryString</name>
			<required>false</required>
			<type>java.lang.String</type>
		</attribute>
		<attribute>
			<description><![CDATA[When this flag is true, this component will be rendered to there response. When false, it will not be rendered to the response. The default value is <code>true</code>.]]></description>
			<name>rendered</name>
			<required>false</required>
			<type>boolean</type>
		</attribute>
		<attribute>
			<description><![CDATA[HTML passthrough attribute specifying the css style of the element.]]></description>
			<name>style</name>
			<required>false</required>
			<type>java.lang.String</type>
		</attribute>
		<attribute>
			<description><![CDATA[List of CSS class names (separated by spaces) that are to be rendered within the class attribute.]]></description>
			<name>styleClass</name>
			<required>false</required>
			<type>java.lang.String</type>
		</attribute>
		<tag-extension>
			<vdldoc:example-url>http://www.liferayfaces.org/web/guest/portal-showcase/-/portal-tag/portal/runtime/general</vdldoc:example-url>
			<vdldoc:since>2.0.0</vdldoc:since>
		</tag-extension>
	</tag>
</facelet-taglib>
