<?xml version="1.0" encoding="UTF-8"?>
<faces-config version="2.3" xmlns="http://xmlns.jcp.org/xml/ns/javaee" xmlns:xsi="http://www.w3.org/2001/XMLSchema-instance"
	xsi:schemaLocation="http://xmlns.jcp.org/xml/ns/javaee http://xmlns.jcp.org/xml/ns/javaee/web-facesconfig_2_3.xsd">

	<application>
		<message-bundle>i18nFaces</message-bundle>
	</application>
	<lifecycle>
		<!--<phase-listener>com.liferay.faces.util.lifecycle.DebugPhaseListener</phase-listener>-->
		<phase-listener>com.liferay.faces.util.lifecycle.ViewScopePhaseListener</phase-listener>
	</lifecycle>
</faces-config>
