<?xml version="1.0"?>
<!DOCTYPE liferay-portlet-app PUBLIC "-//Liferay//DTD Portlet Application 7.2.0//EN" "http://www.liferay.com/dtd/liferay-portlet-app_7_2_0.dtd">

<liferay-portlet-app>
	<portlet>
		<portlet-name>1</portlet-name>
		<friendly-url-mapper-class>com.liferay.portal.kernel.portlet.DefaultFriendlyURLMapper</friendly-url-mapper-class>
		<friendly-url-mapping>portal-tag</friendly-url-mapping>
		<friendly-url-routes>friendly-url-routes.xml</friendly-url-routes>
		<!-- JAVASERVERFACES-3031 -->
		<requires-namespaced-parameters>true</requires-namespaced-parameters>
		<render-weight>1</render-weight>
		<ajaxable>false</ajaxable>
		<add-default-resource>true</add-default-resource>
	</portlet>
	<role-mapper>
		<role-name>administrator</role-name>
		<role-link>Administrator</role-link>
	</role-mapper>
	<role-mapper>
		<role-name>guest</role-name>
		<role-link>Guest</role-link>
	</role-mapper>
	<role-mapper>
		<role-name>power-user</role-name>
		<role-link>Power User</role-link>
	</role-mapper>
	<role-mapper>
		<role-name>user</role-name>
		<role-link>User</role-link>
	</role-mapper>
</liferay-portlet-app>
