<?xml version="1.0"?>
<portlet-app xmlns="http://java.sun.com/xml/ns/portlet/portlet-app_2_0.xsd"
	xmlns:xsi="http://www.w3.org/2001/XMLSchema-instance"
	xsi:schemaLocation="http://java.sun.com/xml/ns/portlet/portlet-app_2_0.xsd http://java.sun.com/xml/ns/portlet/portlet-app_2_0.xsd"
	version="2.0">
	<portlet>
		<portlet-name>liferay-demo</portlet-name>
		<display-name>liferay-demo</display-name>
		<portlet-class>javax.portlet.faces.GenericFacesPortlet</portlet-class>
		<init-param>
			<name>javax.portlet.faces.defaultViewId.view</name>
			<value>/views/view.xhtml</value>
		</init-param>
		<init-param>
			<name>javax.portlet.faces.defaultViewId.edit</name>
			<value>/views/edit.xhtml</value>
		</init-param>		
		
		<expiration-cache>0</expiration-cache>
		
		<supports>
			<mime-type>text/html</mime-type>
			<portlet-mode>view</portlet-mode>
			<portlet-mode>edit</portlet-mode>
		</supports>
		
		<supported-locale>de</supported-locale>
		<supported-locale>en</supported-locale>

		<portlet-info>
			<title>liferay-demo</title>
			<short-title>liferay-demo</short-title>
			<keywords>liferay-demo</keywords>
		</portlet-info>

		<portlet-preferences>
			<preference>
				<name>portletPref</name>
				<value>Hello from portlet preferences!</value>
			</preference>
		</portlet-preferences>

		<security-role-ref>
			<role-name>administrator</role-name>
		</security-role-ref>
		<security-role-ref>
			<role-name>guest</role-name>
		</security-role-ref>
		<security-role-ref>
			<role-name>power-user</role-name>
		</security-role-ref>
		<security-role-ref>
			<role-name>user</role-name>
		</security-role-ref>
	</portlet>
</portlet-app>