<References xmlns="http://xmlns.oracle.com/adf/jndi">
  <Reference name="HrDS" className="oracle.jdeveloper.db.adapter.DatabaseProvider" credentialStoreKey="HrDS" xmlns="">
    <Factory className="oracle.jdevimpl.db.adapter.DatabaseProviderFactory1212"/>
    <RefAddresses>
      <StringRefAddr addrType="oraDriverType">
        <Contents>thin</Contents>
      </StringRefAddr>
      <StringRefAddr addrType="hostname">
        <Contents>138.68.79.219</Contents>
      </StringRefAddr>
      <SecureRefAddr addrType="password"/>
      <StringRefAddr addrType="subtype">
        <Contents>oraJDBC</Contents>
      </StringRefAddr>
      <StringRefAddr addrType="port">
        <Contents>1521</Contents>
      </StringRefAddr>
      <StringRefAddr addrType="serviceName">
        <Contents>ORCLPDB1.localdomain</Contents>
      </StringRefAddr>
      <StringRefAddr addrType="user">
        <Contents>hr</Contents>
      </StringRefAddr>
    </RefAddresses>
  </Reference>
</References>