<?xml version="1.0"?>
<!DOCTYPE liferay-portlet-app PUBLIC "-//Liferay//DTD Portlet Application 7.0.0//EN" "http://www.liferay.com/dtd/liferay-portlet-app_7_0_0.dtd">

<liferay-portlet-app>
	<portlet>
		<portlet-name>com.mycompany.my.jsf.portlet</portlet-name>
		<icon>/resources/images/icon.png</icon>
		<requires-namespaced-parameters>false</requires-namespaced-parameters>
		<ajaxable>false</ajaxable>
	</portlet>
	<role-mapper>
		<role-name>administrator</role-name>
		<role-link>Administrator</role-link>
	</role-mapper>
	<role-mapper>
		<role-name>guest</role-name>
		<role-link>Guest</role-link>
	</role-mapper>
	<role-mapper>
		<role-name>power-user</role-name>
		<role-link>Power User</role-link>
	</role-mapper>
	<role-mapper>
		<role-name>user</role-name>
		<role-link>User</role-link>
	</role-mapper>
</liferay-portlet-app>
